url_path,views_total,views_unique
/cubicleguy/su_arduino_uart/blob/main/src/epson_imu_uart.cpp,4,1
/cubicleguy/su_arduino_uart,3,3
/cubicleguy/su_arduino_uart/blob/main/src/epson_uart_common.cpp,3,2
/cubicleguy/su_arduino_uart/tree/main/src,3,2
/cubicleguy/su_arduino_uart/tree/main/examples,2,1
/cubicleguy/su_arduino_uart/blob/main/examples/su_epson_accl_sampling/su_epson_accl_sampling.ino,1,1
/cubicleguy/su_arduino_uart/blob/main/examples/su_epson_imu_sampling/su_epson_imu_sampling.ino,1,1
/cubicleguy/su_arduino_uart/blob/main/src/epson_accl_regs.h,1,1
/cubicleguy/su_arduino_uart/blob/main/src/epson_accl_uart.cpp,1,1
/cubicleguy/su_arduino_uart/tree/main,1,1
